pdb_name,processed_path,raw_path,num_chains,quaternary_category,num_protein_chains,num_na_chains,seq_len,na_seq_len,modeled_seq_len,modeled_protein_seq_len,modeled_na_seq_len,coil_percent,helix_percent,strand_percent,radius_gyration
8YNO_1_A-B,/root/autodl-tmp/generation/data/rnasolo_proc/8yno/8YNO_1_A-B.pkl,data/rnasolo/8YNO_1_A-B.pdb,2,homomer,0,2,20,20,20,0,20,0.0,0.0,0.0,1.2621215433729225
8QMH_1_B-A,/root/autodl-tmp/generation/data/rnasolo_proc/8qmh/8QMH_1_B-A.pkl,data/rnasolo/8QMH_1_B-A.pdb,2,homomer,0,2,12,12,12,0,12,0.0,0.0,0.0,0.9433433441610187
8PFQ_1_A,/root/autodl-tmp/generation/data/rnasolo_proc/8pfq/8PFQ_1_A.pkl,data/rnasolo/8PFQ_1_A.pdb,1,homomer,0,1,11,11,11,0,11,0.0,0.0,0.0,1.2138580669942942
7EOG_1_A,/root/autodl-tmp/generation/data/rnasolo_proc/7eog/7EOG_1_A.pkl,data/rnasolo/7EOG_1_A.pdb,1,homomer,0,1,48,48,48,0,48,0.0,0.0,0.0,1.7400468450599011
8TE0_1_A,/root/autodl-tmp/generation/data/rnasolo_proc/8te0/8TE0_1_A.pkl,data/rnasolo/8TE0_1_A.pdb,1,homomer,0,1,15,15,15,0,15,0.0,0.0,0.0,1.499904788856187
3GLP_1_C-D,/root/autodl-tmp/generation/data/rnasolo_proc/3glp/3GLP_1_C-D.pkl,data/rnasolo/3GLP_1_C-D.pdb,2,homomer,0,2,16,16,16,0,16,0.0,0.0,0.0,0.9981351407625806
4U3L_1_A-B,/root/autodl-tmp/generation/data/rnasolo_proc/4u3l/4U3L_1_A-B.pkl,data/rnasolo/4U3L_1_A-B.pdb,2,homomer,0,2,16,16,16,0,16,0.0,0.0,0.0,0.9506262398088989
7UCR_1_A,/root/autodl-tmp/generation/data/rnasolo_proc/7ucr/7UCR_1_A.pkl,data/rnasolo/7UCR_1_A.pdb,1,homomer,0,1,27,27,27,0,27,0.0,0.0,0.0,1.39307511591101
4Y27_1_A,/root/autodl-tmp/generation/data/rnasolo_proc/4y27/4Y27_1_A.pkl,data/rnasolo/4Y27_1_A.pdb,1,homomer,0,1,25,25,25,0,25,0.0,0.0,0.0,1.3279311717688032
6XUR_1_A,/root/autodl-tmp/generation/data/rnasolo_proc/6xur/6XUR_1_A.pkl,data/rnasolo/6XUR_1_A.pdb,1,homomer,0,1,11,11,11,0,11,0.0,0.0,0.0,1.228268290499458
3GLP_1_B-A,/root/autodl-tmp/generation/data/rnasolo_proc/3glp/3GLP_1_B-A.pkl,data/rnasolo/3GLP_1_B-A.pdb,2,homomer,0,2,16,16,16,0,16,0.0,0.0,0.0,1.0200972481616293
3JXQ_1_L-K,/root/autodl-tmp/generation/data/rnasolo_proc/3jxq/3JXQ_1_L-K.pkl,data/rnasolo/3JXQ_1_L-K.pdb,2,homomer,0,2,10,10,10,0,10,0.0,0.0,0.0,0.9258527507948253
8VJT_1_A,/root/autodl-tmp/generation/data/rnasolo_proc/8vjt/8VJT_1_A.pkl,data/rnasolo/8VJT_1_A.pdb,1,homomer,0,1,6,6,6,0,6,0.0,0.0,0.0,0.8112287880809242
3R1D_1_A-B,/root/autodl-tmp/generation/data/rnasolo_proc/3r1d/3R1D_1_A-B.pkl,data/rnasolo/3R1D_1_A-B.pdb,2,homomer,0,2,20,20,20,0,20,0.0,0.0,0.0,1.274557707474067
7QUA_1_A,/root/autodl-tmp/generation/data/rnasolo_proc/7qua/7QUA_1_A.pkl,data/rnasolo/7QUA_1_A.pdb,1,homomer,0,1,11,11,11,0,11,0.0,0.0,0.0,1.2350617720077923
2V7R_1_A-B,/root/autodl-tmp/generation/data/rnasolo_proc/2v7r/2V7R_1_A-B.pkl,data/rnasolo/2V7R_1_A-B.pdb,2,heteromer,0,2,14,14,14,0,14,0.0,0.0,0.0,0.9324180263057641
8SX6_1_B-A,/root/autodl-tmp/generation/data/rnasolo_proc/8sx6/8SX6_1_B-A.pkl,data/rnasolo/8SX6_1_B-A.pdb,2,homomer,0,2,20,20,20,0,20,0.0,0.0,0.0,1.172599827686819
4RKV_1_A,/root/autodl-tmp/generation/data/rnasolo_proc/4rkv/4RKV_1_A.pkl,data/rnasolo/4RKV_1_A.pdb,1,homomer,0,1,6,6,6,0,6,0.0,0.0,0.0,0.8722768775953109
8VJT_1_B,/root/autodl-tmp/generation/data/rnasolo_proc/8vjt/8VJT_1_B.pkl,data/rnasolo/8VJT_1_B.pdb,1,homomer,0,1,6,6,6,0,6,0.0,0.0,0.0,0.8223812887490087
5K8H_1_A,/root/autodl-tmp/generation/data/rnasolo_proc/5k8h/5K8H_1_A.pkl,data/rnasolo/5K8H_1_A.pdb,1,homomer,0,1,2,2,2,0,2,0.0,0.0,0.0,0.4266047405233624
5EW4_1_B-A,/root/autodl-tmp/generation/data/rnasolo_proc/5ew4/5EW4_1_B-A.pkl,data/rnasolo/5EW4_1_B-A.pdb,2,heteromer,0,2,41,41,41,0,41,0.0,0.0,0.0,1.7033314708436251
4RC0_1_A,/root/autodl-tmp/generation/data/rnasolo_proc/4rc0/4RC0_1_A.pkl,data/rnasolo/4RC0_1_A.pdb,1,homomer,0,1,10,10,10,0,10,0.0,0.0,0.0,1.1877420262111786
6Y0Y_1_A,/root/autodl-tmp/generation/data/rnasolo_proc/6y0y/6Y0Y_1_A.pkl,data/rnasolo/6Y0Y_1_A.pdb,1,homomer,0,1,27,27,27,0,27,0.0,0.0,0.0,1.4259784959038833
2VUQ_1_A-B,/root/autodl-tmp/generation/data/rnasolo_proc/2vuq/2VUQ_1_A-B.pkl,data/rnasolo/2VUQ_1_A-B.pdb,2,heteromer,0,2,14,14,14,0,14,0.0,0.0,0.0,0.9378141882601586
2XNZ_1_A,/root/autodl-tmp/generation/data/rnasolo_proc/2xnz/2XNZ_1_A.pkl,data/rnasolo/2XNZ_1_A.pdb,1,homomer,0,1,65,65,65,0,65,0.0,0.0,0.0,1.8408074622078074
8VAW_1_A-B,/root/autodl-tmp/generation/data/rnasolo_proc/8vaw/8VAW_1_A-B.pkl,data/rnasolo/8VAW_1_A-B.pdb,2,homomer,0,2,20,20,20,0,20,0.0,0.0,0.0,1.1775577984854702
8D28_1_B,/root/autodl-tmp/generation/data/rnasolo_proc/8d28/8D28_1_B.pkl,data/rnasolo/8D28_1_B.pdb,1,homomer,0,1,33,33,33,0,33,0.0,0.0,0.0,1.492371824067758
4RKV_1_B,/root/autodl-tmp/generation/data/rnasolo_proc/4rkv/4RKV_1_B.pkl,data/rnasolo/4RKV_1_B.pdb,1,homomer,0,1,6,6,6,0,6,0.0,0.0,0.0,0.9160490356787312
7A9N_1_K-L,/root/autodl-tmp/generation/data/rnasolo_proc/7a9n/7A9N_1_K-L.pkl,data/rnasolo/7A9N_1_K-L.pdb,2,heteromer,0,2,16,16,16,0,16,0.0,0.0,0.0,0.9870867648596479
5DA6_1_A,/root/autodl-tmp/generation/data/rnasolo_proc/5da6/5DA6_1_A.pkl,data/rnasolo/5DA6_1_A.pdb,1,homomer,0,1,32,32,32,0,32,0.0,0.0,0.0,2.703243492141479
3JXQ_1_B-A,/root/autodl-tmp/generation/data/rnasolo_proc/3jxq/3JXQ_1_B-A.pkl,data/rnasolo/3JXQ_1_B-A.pdb,2,homomer,0,2,10,10,10,0,10,0.0,0.0,0.0,0.8848727464901948
4PCO_1_A-B,/root/autodl-tmp/generation/data/rnasolo_proc/4pco/4PCO_1_A-B.pkl,data/rnasolo/4PCO_1_A-B.pdb,2,homomer,0,2,20,20,20,0,20,0.0,0.0,0.0,1.1250326478255788
7EDT_1_A-B,/root/autodl-tmp/generation/data/rnasolo_proc/7edt/7EDT_1_A-B.pkl,data/rnasolo/7EDT_1_A-B.pdb,2,homomer,0,2,30,30,30,0,30,0.0,0.0,0.0,1.3457550037614865
4RBY_1_A,/root/autodl-tmp/generation/data/rnasolo_proc/4rby/4RBY_1_A.pkl,data/rnasolo/4RBY_1_A.pdb,1,homomer,0,1,11,11,11,0,11,0.0,0.0,0.0,1.1954816584652699
5D99_1_A,/root/autodl-tmp/generation/data/rnasolo_proc/5d99/5D99_1_A.pkl,data/rnasolo/5D99_1_A.pdb,1,homomer,0,1,26,26,26,0,26,0.0,0.0,0.0,1.4051752472288814
8FEQ_1_AAA,/root/autodl-tmp/generation/data/rnasolo_proc/8feq/8FEQ_1_AAA.pkl,data/rnasolo/8FEQ_1_AAA.pdb,1,homomer,0,1,14,14,14,0,14,0.0,0.0,0.0,1.506028113822656
4K31_1_B-C,/root/autodl-tmp/generation/data/rnasolo_proc/4k31/4K31_1_B-C.pkl,data/rnasolo/4K31_1_B-C.pdb,2,homomer,0,2,44,44,44,0,44,0.0,0.0,0.0,1.8052500020862519
6XRQ_1_A,/root/autodl-tmp/generation/data/rnasolo_proc/6xrq/6XRQ_1_A.pkl,data/rnasolo/6XRQ_1_A.pdb,1,homomer,0,1,14,14,14,0,14,0.0,0.0,0.0,1.0081853512297194
5HBY_1_A,/root/autodl-tmp/generation/data/rnasolo_proc/5hby/5HBY_1_A.pkl,data/rnasolo/5HBY_1_A.pdb,1,homomer,0,1,9,9,9,0,9,0.0,0.0,0.0,1.0022254470279057
3P4C_1_B,/root/autodl-tmp/generation/data/rnasolo_proc/3p4c/3P4C_1_B.pkl,data/rnasolo/3P4C_1_B.pdb,1,homomer,0,1,4,4,4,0,4,0.0,0.0,0.0,0.959803438998719
5C5W_1_A,/root/autodl-tmp/generation/data/rnasolo_proc/5c5w/5C5W_1_A.pkl,data/rnasolo/5C5W_1_A.pdb,1,homomer,0,1,19,19,19,0,19,0.0,0.0,0.0,1.796272774401664
5LQT_1_A-B,/root/autodl-tmp/generation/data/rnasolo_proc/5lqt/5LQT_1_A-B.pkl,data/rnasolo/5LQT_1_A-B.pdb,2,homomer,0,2,16,16,16,0,16,0.0,0.0,0.0,1.151347971875358
6HC5_1_A,/root/autodl-tmp/generation/data/rnasolo_proc/6hc5/6HC5_1_A.pkl,data/rnasolo/6HC5_1_A.pdb,1,homomer,0,1,17,17,17,0,17,0.0,0.0,0.0,1.0761035640792262
5AY2_1_A-B,/root/autodl-tmp/generation/data/rnasolo_proc/5ay2/5AY2_1_A-B.pkl,data/rnasolo/5AY2_1_A-B.pdb,2,homomer,0,2,22,22,22,0,22,0.0,0.0,0.0,1.2180399952416618
7Y8P_1_A-B,/root/autodl-tmp/generation/data/rnasolo_proc/7y8p/7Y8P_1_A-B.pkl,data/rnasolo/7Y8P_1_A-B.pdb,2,homomer,0,2,18,18,18,0,18,0.0,0.0,0.0,1.3372430121768106
4RBQ_1_A,/root/autodl-tmp/generation/data/rnasolo_proc/4rbq/4RBQ_1_A.pkl,data/rnasolo/4RBQ_1_A.pdb,1,homomer,0,1,32,32,32,0,32,0.0,0.0,0.0,2.7037137815618877
7QTN_1_B-A,/root/autodl-tmp/generation/data/rnasolo_proc/7qtn/7QTN_1_B-A.pkl,data/rnasolo/7QTN_1_B-A.pdb,2,heteromer,0,2,25,25,25,0,25,0.0,0.0,0.0,1.4265982167466342
6XRQ_1_B,/root/autodl-tmp/generation/data/rnasolo_proc/6xrq/6XRQ_1_B.pkl,data/rnasolo/6XRQ_1_B.pdb,1,homomer,0,1,14,14,14,0,14,0.0,0.0,0.0,1.0189150826214883
7VFT_1_A,/root/autodl-tmp/generation/data/rnasolo_proc/7vft/7VFT_1_A.pkl,data/rnasolo/7VFT_1_A.pdb,1,homomer,0,1,23,23,23,0,23,0.0,0.0,0.0,2.0099516997630658
7MKY_1_A,/root/autodl-tmp/generation/data/rnasolo_proc/7mky/7MKY_1_A.pkl,data/rnasolo/7MKY_1_A.pdb,1,homomer,0,1,66,66,66,0,66,0.0,0.0,0.0,2.3866913245426136
5V1K_1_A-B,/root/autodl-tmp/generation/data/rnasolo_proc/5v1k/5V1K_1_A-B.pkl,data/rnasolo/5V1K_1_A-B.pdb,2,homomer,0,2,20,20,20,0,20,0.0,0.0,0.0,1.2727364364531353
5TDJ_1_A,/root/autodl-tmp/generation/data/rnasolo_proc/5tdj/5TDJ_1_A.pkl,data/rnasolo/5TDJ_1_A.pdb,1,homomer,0,1,10,10,10,0,10,0.0,0.0,0.0,1.1047760676244398
5HNJ_1_A-B,/root/autodl-tmp/generation/data/rnasolo_proc/5hnj/5HNJ_1_A-B.pkl,data/rnasolo/5HNJ_1_A-B.pdb,2,homomer,0,2,14,14,14,0,14,0.0,0.0,0.0,1.0196878098718933
9EN6_1_DDD-CCC,/root/autodl-tmp/generation/data/rnasolo_proc/9en6/9EN6_1_DDD-CCC.pkl,data/rnasolo/9EN6_1_DDD-CCC.pdb,2,homomer,0,2,12,12,12,0,12,0.0,0.0,0.0,0.9431830214878665
5NXT_1_U,/root/autodl-tmp/generation/data/rnasolo_proc/5nxt/5NXT_1_U.pkl,data/rnasolo/5NXT_1_U.pdb,1,homomer,0,1,18,18,18,0,18,0.0,0.0,0.0,1.6250458147576252
5UED_1_A-B,/root/autodl-tmp/generation/data/rnasolo_proc/5ued/5UED_1_A-B.pkl,data/rnasolo/5UED_1_A-B.pdb,2,homomer,0,2,22,22,22,0,22,0.0,0.0,0.0,1.2032058327579747
4JAH_1_A-B,/root/autodl-tmp/generation/data/rnasolo_proc/4jah/4JAH_1_A-B.pkl,data/rnasolo/4JAH_1_A-B.pdb,2,homomer,0,2,14,14,14,0,14,0.0,0.0,0.0,1.021926643421896
5DHC_1_C-D,/root/autodl-tmp/generation/data/rnasolo_proc/5dhc/5DHC_1_C-D.pkl,data/rnasolo/5DHC_1_C-D.pdb,2,homomer,0,2,20,20,20,0,20,0.0,0.0,0.0,1.1686923080805913
5D8T_1_A-B,/root/autodl-tmp/generation/data/rnasolo_proc/5d8t/5D8T_1_A-B.pkl,data/rnasolo/5D8T_1_A-B.pdb,2,homomer,0,2,12,12,12,0,12,0.0,0.0,0.0,1.0087170846051925
6QIT_1_A-B,/root/autodl-tmp/generation/data/rnasolo_proc/6qit/6QIT_1_A-B.pkl,data/rnasolo/6QIT_1_A-B.pdb,2,homomer,0,2,16,16,16,0,16,0.0,0.0,0.0,1.1204644715555756
4RBZ_1_A,/root/autodl-tmp/generation/data/rnasolo_proc/4rbz/4RBZ_1_A.pkl,data/rnasolo/4RBZ_1_A.pdb,1,homomer,0,1,10,10,10,0,10,0.0,0.0,0.0,1.2475159328309589
4U34_1_B-A,/root/autodl-tmp/generation/data/rnasolo_proc/4u34/4U34_1_B-A.pkl,data/rnasolo/4U34_1_B-A.pdb,2,heteromer,0,2,13,13,13,0,13,0.0,0.0,0.0,0.9575837247506318
